"veh_zip","Count"
"00000",2179663
"01040",139742
"02360",134572
"01960",129775
"01844",119401
"01821",118196
"02780",116908
"02155",116095
"02169",112951
"01801",107778
"02301",105154
"02703",104983
"02148",103352
"01453",98950
"01201",97870
"01752",96554
"02184",96371
"01085",95359
"01545",89924
"01915",89458
"01760",85408
"02151",85102
"01810",84736
"01970",81880
"01701",81445
"01826",81017
"30348",78324
"01876",78227
"02472",77006
"01420",76818
"02038",76321
"01020",73772
"01824",72706
"02062",72194
"01923",70292
"01757",69344
"02149",68988
"02740",68762
"02368",68711
"02072",68509
"01845",68399
"01930",67569
"01702",66935
"02760",65915
"01906",64660
"01880",64146
"01604",64039
"01803",62499
"01902",61974
"01089",61972
"02135",61905
"01852",61323
"01887",60018
"02176",60012
"01886",59489
"02720",59427
"02474",58939
"02186",58922
"01867",58442
"02302",58190
"02050",58116
"02128",57685
"02180",57617
"02021",56959
"02127",56835
"02453",56606
"02346",56587
"02026",56390
"02048",56097
"02124",56080
"01720",55685
"02324",55147
"01851",54504
"02478",54253
"02043",54048
"02132",52881
"01830",52840
"02136",52571
"02536",51998
"01056",51690
"02130",51566
"01841",51129
"02131",50761
"01890",50540
"01749",50080
"02745",49364
"01945",48736
"02081",48491
"02492",46065
"01027",45744
"02790",45241
"01776",45032
"01581",44340
"02138",44227
"02747",43931
"02035",43902
"02139",43885
"02359",43865
"02766",43851
"01602",43466
"01950",43341
"02721",43224
"01832",43178
"01002",42866
"01742",42577
"02370",42257
"01501",42092
"02143",41697
"01606",41680
"01721",41588
"02066",41290
"01440",41273
"02019",41226
"01301",41161
"02777",41130
"01013",41012
"02451",40904
"76262",40527
"02150",40476
"01001",40339
"02067",40236
"01605",40070
"02144",39586
"02726",39398
"02421",39375
"02459",39359
"01854",39231
"01913",38976
"01075",38874
"02145",38790
"01864",38654
"01905",38551
"02190",38428
"02351",38240
"01028",38199
"02554",37937
"01007",37597
"01095",37584
"01904",36897
"02719",36892
"01532",36860
"01570",36502
"02446",36317
"02476",36007
"02339",35543
"02332",35401
"01106",35366
"01748",35345
"02125",35212
"01746",35191
"01520",34978
"02090",34879
"01843",34857
"02341",34623
"01938",34469
"02771",34359
"02420",34208
"02649",34135
"02171",34128
"30339",33835
"02189",33828
"02170",33394
"02333",33278
"01109",33222
"02118",33141
"02382",33059
"02481",33056
"02767",32870
"02188",32811
"01104",32750
"01730",32661
"01778",32497
"02152",32449
"01569",32359
"01550",32102
"01603",31920
"02467",31733
"01527",31647
"02053",31234
"01247",30802
"02601",30599
"01108",30416
"01507",30388
"01835",30292
"01331",29956
"01463",29777
"01510",29717
"02445",29689
"01907",29648
"02364",29110
"02052",29093
"01879",29046
"43026",29021
"01940",28630
"02116",28229
"02748",28183
"01060",28182
"60048",28001
"02769",27887
"02122",27858
"02126",27651
"02724",27335
"01562",27249
"02140",27073
"95814",26852
"01540",26767
"01030",26508
"21152",26505
"01462",26480
"02631",26333
"02452",26245
"02347",26108
"02465",26036
"02061",25641
"02129",25451
"02493",25391
"02458",25351
"02356",25338
"02645",25306
"02093",25274
"01062",25063
"01450",25029
"02632",24975
"02330",24932
"01571",24837
"01118",24835
"01754",24808
"02743",24785
"01609",24695
"02563",24676
"02343",24546
"02571",23871
"01610",23436
"02723",23139
"02664",22873
"02375",22774
"55344",22689
"02056",22559
"01077",22554
"01460",22536
"02494",22463
"02482",22302
"01772",22183
"01082",22117
"01850",21963
"02119",21936
"02045",21773
"02532",21291
"01057",20749
"01475",20747
"01590",20605
"01833",20266
"01504",20066
"02762",19972
"06067",19832
"01516",19773
"01069",19728
"01119",19714
"01564",19698
"01863",19690
"02121",19634
"02134",19622
"01862",19577
"01952",19046
"02054",19017
"02673",18813
"01220",18789
"01588",18753
"01921",18614
"01949",18267
"02746",18221
"02379",18188
"02460",18183
"01473",18060
"02540",17902
"02338",17815
"02191",17308
"02648",17229
"01543",17148
"01568",16636
"01775",16539
"01469",16259
"01583",16236
"02025",16080
"01364",15843
"01432",15642
"01566",15346
"01966",15148
"01834",15058
"01033",14769
"01230",14646
"01073",14504
"02539",14493
"01524",14403
"95865",14335
"02675",14256
"01519",14256
"01969",14239
"02779",14205
"02744",14120
"02141",13922
"01536",13915
"02739",13893
"02660",13808
"01983",13717
"01226",13645
"02461",13540
"01860",13520
"01756",13367
"02718",13345
"01464",13207
"01982",13160
"01430",13109
"60016",13064
"02557",13041
"08054",12998
"02568",12988
"76051",12899
"02653",12893
"02537",12868
"01238",12691
"02115",12685
"01607",12617
"01773",12565
"01747",12467
"02030",12363
"01451",12273
"01523",12271
"02466",12263
"01267",12252
"02770",12003
"01129",11782
"01741",11721
"01719",11464
"01035",11417
"01944",11185
"01534",11131
"02717",11050
"01036",11033
"01376",10922
"76101",10717
"02114",10649
"02633",10381
"02322",10325
"01740",10309
"02738",10147
"02468",9960
"02642",9882
"01005",9814
"01151",9677
"63105",9591
"02702",9579
"01535",9485
"01452",9237
"02215",9132
"01506",9121
"01373",9026
"01505",9001
"55431",8987
"01240",8932
"54902",8804
"01770",8777
"01985",8680
"01107",8502
"01468",8376
"02655",8356
"01612",8091
"01237",7794
"01105",7762
"01541",7731
"01951",7647
"03106",7623
"01585",7623
"02575",7570
"01010",7475
"02764",7462
"02576",7445
"01929",7314
"01560",7223
"02032",7212
"02644",7135
"02638",7096
"01225",7084
"02538",6840
"01984",6835
"02120",6826
"75266",6787
"02635",6687
"01083",6662
"02657",6599
"02556",6598
"11530",6552
"01827",6245
"02668",6240
"02559",6235
"01908",6178
"01431",6170
"01235",6131
"74117",6075
"01375",6033
"01922",5790
"02367",5764
"02715",5706
"01360",5693
"02667",5648
"01522",5625
"01257",5625
"02562",5510
"30004",5430
"02639",5428
"01503",5425
"02113",5421
"01529",5387
"01038",4859
"01436",4841
"02464",4811
"02111",4621
"02108",4576
"02109",4570
"01223",4562
"01370",4418
"01521",4411
"01337",4236
"01518",4212
"01351",4195
"01515",4147
"92108",4038
"01128",3973
"02725",3854
"02558",3840
"01050",3779
"01537",3735
"60143",3641
"60062",3633
"01054",3517
"01474",3485
"01034",3471
"02535",3435
"01068",3361
"02646",3323
"02630",3310
"01341",3207
"01542",3192
"02888",3181
"02763",3181
"01072",3147
"46240",3137
"01022",3100
"01330",3062
"01262",3061
"01080",3054
"01608",3045
"60532",2974
"03079",2971
"19607",2957
"01611",2936
"01340",2884
"02641",2768
"92708",2759
"02210",2752
"10528",2716
"01081",2688
"01266",2659
"01096",2597
"01840",2552
"02651",2545
"01071",2393
"01103",2384
"02110",2373
"01339",2348
"01338",2348
"01053",2339
"01254",2338
"02454",2306
"01039",2204
"30009",2186
"01342",2179
"02643",2141
"01901",2129
"02722",2066
"01344",2028
"02462",2027
"02142",2013
"01093",2008
"02670",1991
"02666",1958
"02659",1939
"38132",1895
"01366",1883
"01236",1873
"01202",1781
"01098",1780
"01008",1743
"77034",1729
"06096",1702
"01011",1688
"02071",1686
"01102",1659
"01037",1638
"02652",1633
"01368",1549
"02185",1461
"01092",1418
"01253",1413
"01258",1396
"02671",1395
"01086",1391
"01032",1388
"01031",1387
"02584",1385
"01354",1367
"02534",1350
"01531",1309
"02650",1307
"21030",1290
"02574",1290
"01101",1266
"01012",1265
"02662",1264
"01355",1258
"01245",1253
"01026",1252
"01009",1222
"01270",1198
"06114",1193
"02553",1185
"02334",1176
"01936",1150
"02564",1121
"01379",1117
"02269",1094
"19603",1092
"02543",1077
"01438",1051
"36691",1047
"02303",1047
"94598",1045
"03109",1041
"01255",1032
"02345",1000
"02331",947
"01222",936
"01302",935
"55438",902
"75063",890
"01378",883
"01256",871
"02907",856
"01613",854
"02669",848
"45202",838
"02637",831
"01718",820
"01561",800
"02199",782
"02663",780
"01090",780
"01349",769
"02561",765
"01070",749
"01346",745
"01079",690
"01525",689
"02362",687
"01259",669
"01041",650
"06032",644
"30084",643
"06810",634
"02541",627
"01831",611
"02761",605
"01029",601
"01842",586
"01731",572
"21286",564
"01088",559
"01242",558
"60173",554
"45241",554
"02865",553
"45263",550
"02471",548
"72223",541
"06120",533
"19044",522
"02041",512
"02137",502
"01243",502
"48083",500
"01888",493
"02027",479
"01061",477
"45177",474
"02741",474
"01538",469
"01508",468
"01074",466
"02895",458
"01853",446
"85054",442
"14221",439
"01931",435
"01066",431
"02047",405
"01526",404
"01252",399
"02060",397
"02051",394
"01227",394
"02647",393
"01704",392
"11042",389
"02542",384
"01059",380
"02457",374
"02672",371
"90630",368
"01244",363
"01004",362
"02117",357
"02903",351
"11747",347
"01961",347
"59102",346
"01139",344
"06082",332
"02020",332
"02366",328
"02791",327
"01965",327
"03859",321
"01367",319
"60106",317
"01264",316
"03077",314
"03103",310
"01745",305
"01138",303
"06512",296
"24402",291
"37923",290
"02327",289
"02156",287
"55305",283
"54957",279
"01434",276
"02661",270
"07104",261
"01094",258
"02059",256
"02447",255
"02886",253
"02304",249
"95899",247
"06854",247
"19087",246
"07470",245
"44240",244
"02768",244
"60661",243
"02358",243
"01199",237
"01885",225
"02361",220
"38120",218
"01703",218
"01472",218
"02904",212
"02742",210
"61032",207
"02018",204
"01467",203
"72119",196
"01865",194
"02403",193
"56258",191
"01063",189
"53744",188
"01260",187
"01903",184
"55116",182
"63124",181
"08901",180
"02357",180
"01615",179
"02065",178
"04345",176
"01705",175
"66012",173
"03110",170
"02205",167
"02112",167
"02456",166
"02305",166
"02479",165
"02154",163
"02355",161
"36609",160
"01014",158
"15017",157
"02163",157
"01021",157
"07054",153
"91302",146
"90247",146
"21229",146
"01003",146
"60515",145
"11776",145
"14615",144
"01350",143
"01822",136
"45869",134
"21117",134
"56307",130
"02172",127
"02712",125
"02238",125
"06804",122
"17331",121
"06103",118
"02350",118
"77001",116
"98006",115
"21204",115
"06071",115
"75062",114
"55479",114
"06410",111
"06183",111
"02254",111
"01582",111
"72716",108
"02146",108
"02040",108
"43219",103
"03865",102
"01937",102
"01347",100
"19462",98
"02916",98
"01601",98
"43229",97
"02914",96
"06798",93
"02381",93
"37067",92
"10507",92
"33487",91
"21031",91
"03053",91
"04021",90
"21114",89
"10577",88
"02174",87
"02070",87
"01084",87
"32114",86
"19422",86
"06901",86
"03031",85
"66202",84
"28217",81
"02181",81
"17520",79
"47006",77
"06240",77
"03063",77
"01477",76
"01144",76
"60563",75
"60179",75
"30305",75
"28288",75
"01229",75
"90502",74
"60148",74
"75119",73
"03801",73
"75014",72
"55426",72
"03060",72
"78213",71
"02878",71
"07677",70
"01111",70
"72917",69
"48331",69
"19406",69
"07675",69
"83707",68
"01971",67
"12212",66
"03874",66
"03038",66
"02861",66
"02159",66
"48354",65
"19809",65
"19426",65
"53511",64
"33401",64
"35242",63
"07017",63
"20190",62
"02860",62
"46624",61
"44310",61
"06037",61
"11726",60
"02940",60
"77060",59
"61701",59
"11101",59
"02455",59
"02173",59
"01224",59
"20814",58
"04240",58
"04102",58
"02165",57
"55343",55
"14586",55
"02634",55
"48265",54
"11236",54
"02864",54
"01866",54
"15222",53
"12201",53
"02401",53
"02241",53
"10580",52
"02495",52
"53227",51
"48326",51
"02178",51
"01343",50
"94019",49
"92121",48
"48334",48
"11545",48
"06830",48
"97281",47
"02905",47
"02640",47
"02196",47
"75201",46
"60601",46
"35201",46
"06511",46
"04103",46
"76102",45
"19474",45
"92614",44
"53225",44
"14240",44
"06604",44
"06518",44
"06051",44
"03087",44
"03051",44
"02123",44
"98001",43
"91767",43
"47715",43
"02153",43
"63043",42
"43017",42
"02809",42
"02101",42
"01784",42
"61702",41
"48089",41
"46256",41
"10940",41
"06026",41
"02160",41
"90405",40
"90012",40
"40202",40
"06405",40
"02920",40
"02475",40
"98004",39
"77092",39
"28656",39
"23510",39
"11788",39
"03820",39
"03301",39
"64141",38
"53713",38
"33484",38
"19381",38
"04043",38
"02167",38
"01586",38
"78288",37
"41011",37
"18017",37
"17111",37
"06492",37
"06095",37
"01655",37
"01509",37
"60606",36
"53404",36
"20705",36
"03266",36
"02192",36
"01115",36
"37122",35
"18901",35
"50309",34
"17001",34
"14604",34
"08873",34
"47546",33
"37203",33
"19008",33
"13748",33
"08844",33
"08110",33
"06450",33
"80022",32
"45201",32
"06473",32
"06126",32
"98009",31
"45250",31
"33602",31
"10530",31
"07073",31
"04210",31
"03062",31
"02901",31
"02325",31
"02193",31
"98411",30
"90509",30
"64112",30
"36693",30
"03076",30
"01805",30
"01097",30
"77032",29
"32258",29
"19154",29
"08016",29
"07083",29
"06255",29
"05255",29
"02921",29
"90501",28
"80112",28
"55439",28
"21703",28
"19720",28
"11434",28
"06106",28
"03246",28
"02625",28
"02552",28
"01616",28
"98121",27
"78730",27
"55927",27
"28110",27
"21802",27
"19014",27
"11365",27
"10603",27
"75762",26
"27409",26
"20184",26
"12033",26
"06812",26
"02915",26
"02055",26
"70130",25
"55435",25
"19610",25
"08043",25
"02405",25
"02270",25
"01643",25
"95208",24
"53228",24
"44114",24
"33614",24
"20850",24
"06083",24
"04098",24
"02342",24
"02031",24
"01380",24
"48121",23
"27713",23
"21075",23
"14534",23
"10001",23
"08244",23
"08003",23
"06851",23
"02713",23
"02158",23
"01964",23
"94043",22
"90638",22
"90248",22
"53203",22
"22119",22
"11232",22
"07080",22
"02908",22
"02228",22
"01846",22
"01780",22
"94596",21
"79902",21
"75247",21
"75240",21
"23261",21
"23224",21
"20879",21
"19144",21
"12205",21
"11550",21
"06897",21
"02906",21
"92263",20
"85036",20
"75254",20
"60607",20
"55427",20
"55337",20
"45249",20
"37320",20
"22314",20
"20817",20
"20006",20
"06108",20
"02910",20
"02909",20
"02842",20
"02162",20
"01660",20
"93303",19
"76103",19
"66211",19
"63131",19
"45242",19
"37323",19
"35950",19
"29715",19
"18915",19
"15108",19
"14203",19
"13221",19
"10017",19
"06790",19
"02917",19
"02840",19
"02100",19
"01600",19
"01580",19
"94577",18
"92623",18
"48104",18
"45401",18
"33901",18
"28105",18
"21060",18
"11706",18
"10018",18
"10016",18
"07105",18
"06078",18
"06042",18
"04092",18
"03289",18
"02919",18
"02806",18
"97309",17
"94588",17
"94010",17
"92821",17
"85282",17
"13057",17
"10022",17
"08691",17
"06795",17
"02636",17
"02168",17
"01978",17
"01116",17
"84150",16
"75261",16
"75001",16
"63045",16
"60025",16
"53214",16
"48203",16
"48111",16
"30320",16
"29323",16
"27617",16
"08701",16
"07921",16
"07094",16
"05601",16
"05403",16
"03036",16
"02714",16
"02627",16
"02187",16
"92806",15
"60521",15
"48034",15
"40218",15
"32808",15
"22404",15
"22031",15
"20191",15
"14580",15
"06260",15
"06018",15
"05201",15
"04260",15
"04095",15
"03909",15
"02337",15
"02222",15
"02179",15
"02161",15
"02133",15
"96816",14
"94612",14
"90220",14
"89126",14
"85251",14
"77043",14
"72602",14
"63108",14
"55413",14
"48336",14
"47402",14
"45014",14
"37312",14
"33073",14
"32225",14
"28262",14
"28205",14
"15212",14
"13202",14
"10013",14
"10012",14
"08902",14
"06457",14
"05676",14
"05356",14
"03867",14
"03833",14
"02911",14
"02822",14
"02545",14
"02213",14
"02194",14
"01781",14
"98055",13
"91355",13
"90046",13
"84107",13
"75024",13
"64106",13
"55021",13
"53187",13
"53051",13
"43697",13
"40299",13
"30030",13
"19090",13
"19034",13
"18042",13
"15205",13
"10921",13
"10023",13
"04112",13
"02816",13
"01816",13
"94404",12
"90740",12
"89118",12
"85284",12
"75251",12
"75204",12
"66203",12
"46268",12
"44128",12
"43215",12
"36102",12
"33907",12
"33140",12
"32204",12
"22306",12
"22101",12
"12204",12
"11702",12
"10573",12
"10504",12
"10021",12
"08831",12
"06702",12
"06460",12
"05753",12
"05491",12
"04104",12
"03842",12
"03431",12
"02502",12
"02344",12
"01878",12
"01779",12
"01707",12
"97201",11
"94608",11
"94403",11
"85038",11
"68112",11
"63101",11
"60053",11
"53202",11
"48068",11
"44146",11
"43078",11
"19026",11
"14778",11
"14623",11
"11771",11
"10601",11
"10020",11
"06085",11
"05401",11
"05352",11
"03841",11
"03802",11
"02566",11
"02413",11
"02028",11
"01935",11
"01706",11
"98107",10
"97210",10
"94111",10
"84121",10
"80237",10
"80202",10
"76011",10
"75034",10
"73125",10
"67634",10
"66061",10
"63026",10
"62526",10
"60602",10
"46235",10
"43206",10
"35216",10
"33431",10
"22309",10
"22039",10
"20706",10
"19438",10
"19041",10
"18062",10
"17102",10
"12603",10
"12207",10
"12095",10
"11426",10
"10962",10
"08542",10
"08318",10
"07068",10
"06131",10
"06111",10
"03873",10
"03064",10
"02862",10
"02394",10
"02348",10
"01750",10
"01284",10
"01046",10
"98063",9
"97228",9
"95008",9
"93101",9
"92728",9
"83333",9
"80526",9
"77018",9
"75704",9
"75015",9
"44122",9
"43231",9
"36104",9
"33301",9
"33142",9
"32804",9
"30071",9
"21017",9
"19066",9
"10606",9
"08876",9
"08362",9
"07920",9
"07764",9
"07024",9
"06902",9
"06840",9
"06385",9
"06053",9
"06045",9
"05476",9
"04101",9
"03843",9
"03458",9
"03302",9
"02896",9
"02569",9
"01881",9
"01836",9
"01429",9
"95670",8
"90810",8
"90670",8
"76124",8
"75093",8
"75007",8
"75006",8
"66208",8
"63118",8
"60624",8
"59114",8
"57117",8
"56301",8
"53207",8
"52498",8
"46204",8
"32762",8
"30326",8
"30144",8
"30127",8
"27536",8
"27410",8
"21227",8
"20736",8
"20036",8
"19901",8
"12801",8
"10605",8
"10459",8
"10122",8
"08830",8
"06360",8
"06072",8
"05302",8
"04033",8
"03904",8
"03878",8
"03827",8
"03104",8
"02353",8
"02335",8
"02272",8
"01808",8
"01802",8
"01765",8
"01248",8
"98335",7
"97062",7
"90404",7
"85261",7
"80110",7
"78230",7
"76450",7
"75019",7
"68114",7
"60803",7
"60522",7
"57006",7
"53186",7
"49516",7
"45432",7
"44056",7
"33955",7
"33903",7
"33896",7
"30005",7
"28092",7
"23168",7
"20110",7
"20008",7
"18104",7
"15230",7
"14450",7
"14445",7
"11570",7
"10583",7
"10566",7
"08034",7
"07601",7
"07114",7
"07047",7
"07005",7
"07001",7
"06878",7
"06110",7
"06029",7
"03452",7
"03045",7
"02852",7
"02838",7
"02793",7
"02548",7
"02477",7
"02426",7
"02363",7
"02354",7
"02177",7
"02105",7
"02073",7
"01249",7
"97701",6
"97217",6
"97045",6
"95841",6
"92673",6
"85285",6
"85076",6
"80111",6
"77704",6
"77040",6
"77002",6
"68056",6
"67219",6
"67218",6
"60611",6
"60195",6
"60077",6
"60060",6
"60015",6
"55317",6
"53223",6
"53072",6
"50438",6
"45069",6
"43452",6
"33480",6
"33178",6
"30354",6
"30328",6
"30309",6
"27802",6
"27560",6
"24501",6
"23234",6
"23222",6
"21228",6
"20854",6
"20770",6
"20170",6
"19802",6
"19701",6
"19312",6
"19007",6
"17603",6
"15258",6
"15220",6
"14895",6
"14094",6
"13209",6
"13204",6
"12871",6
"12589",6
"12029",6
"11756",6
"11572",6
"10169",6
"10028",6
"10019",6
"10003",6
"08837",6
"08540",6
"07871",6
"07202",6
"07006",6
"06378",6
"06105",6
"06074",6
"05404",6
"04110",6
"04107",6
"04105",6
"04011",6
"03858",6
"03461",6
"03199",6
"02885",6
"02578",6
"02412",6
"02383",6
"02216",6
"02203",6
"02044",6
"02034",6
"01910",6
"01884",6
"01627",6
"01614",6
"01546",6
"01471",6
"01180",6
"99708",5
"98203",5
"98134",5
"94954",5
"94533",5
"94304",5
"94121",5
"94108",5
"93012",5
"92868",5
"92610",5
"92260",5
"92064",5
"91331",5
"90049",5
"85078",5
"84123",5
"84068",5
"80601",5
"80216",5
"79103",5
"77868",5
"77208",5
"75494",5
"75228",5
"75038",5
"74135",5
"74012",5
"73110",5
"67202",5
"63146",5
"62715",5
"60630",5
"60561",5
"60192",5
"60188",5
"55133",5
"54701",5
"53562",5
"53235",5
"53045",5
"49506",5
"48335",5
"48310",5
"48161",5
"46628",5
"46581",5
"46220",5
"45439",5
"45251",5
"45206",5
"40550",5
"40324",5
"38502",5
"37214",5
"37068",5
"35901",5
"33442",5
"33414",5
"33407",5
"33309",5
"33165",5
"33126",5
"32963",5
"32750",5
"32609",5
"31069",5
"30346",5
"30316",5
"28451",5
"28202",5
"27407",5
"27360",5
"22307",5
"22152",5
"21146",5
"20840",5
"20120",5
"20017",5
"19403",5
"19352",5
"19130",5
"19085",5
"19035",5
"18940",5
"18201",5
"17112",5
"14610",5
"14202",5
"13323",5
"13131",5
"12158",5
"12020",5
"11801",5
"11749",5
"11561",5
"11375",5
"11209",5
"10591",5
"10474",5
"10011",5
"10004",5
"08906",5
"07931",5
"07503",5
"07436",5
"07007",5
"07004",5
"06824",5
"06820",5
"06281",5
"06093",5
"06084",5
"06070",5
"05765",5
"05222",5
"04903",5
"04568",5
"04281",5
"04072",5
"03908",5
"03821",5
"03102",5
"03101",5
"03061",5
"02863",5
"02752",5
"02533",5
"02432",5
"02402",5
"02166",5
"02164",5
"02157",5
"02102",5
"02084",5
"02033",5
"01920",5
"01837",5
"01736",5
"01572",5
"01558",5
"01495",5
"01433",5
"01280",5
"01269",5
"01076",5
"01019",5
"98011",4
"97470",4
"95661",4
"95062",4
"95054",4
"95031",4
"94022",4
"93002",4
"91411",4
"90250",4
"90224",4
"90064",4
"90040",4
"90025",4
"85701",4
"85044",4
"85034",4
"85029",4
"85027",4
"84119",4
"84111",4
"83687",4
"83205",4
"80038",4
"78503",4
"78155",4
"76712",4
"76177",4
"76053",4
"75160",4
"70002",4
"68516",4
"68130",4
"67226",4
"63166",4
"63116",4
"62801",4
"61264",4
"60164",4
"60153",4
"55144",4
"53590",4
"53104",4
"53092",4
"49423",4
"48180",4
"48093",4
"47876",4
"46516",4
"45429",4
"45150",4
"44333",4
"44306",4
"44256",4
"44035",4
"43068",4
"37211",4
"35223",4
"35202",4
"34667",4
"33418",4
"33342",4
"33316",4
"33304",4
"33169",4
"33069",4
"32792",4
"32746",4
"32207",4
"30303",4
"30182",4
"30096",4
"28232",4
"28208",4
"28115",4
"27834",4
"27603",4
"24153",4
"23059",4
"22201",4
"21212",4
"21201",4
"21042",4
"20151",4
"20001",4
"19560",4
"19103",4
"19102",4
"19063",4
"19046",4
"18326",4
"17404",4
"17240",4
"15143",4
"15106",4
"14471",4
"14228",4
"12563",4
"12182",4
"11729",4
"11725",4
"11374",4
"11354",4
"11040",4
"10965",4
"10901",4
"10533",4
"10524",4
"10170",4
"10036",4
"10024",4
"08065",4
"07961",4
"07631",4
"07506",4
"07495",4
"07480",4
"07016",4
"06817",4
"06720",4
"06708",4
"06704",4
"06387",4
"06117",4
"06088",4
"06062",4
"06033",4
"05495",4
"05301",4
"05059",4
"04457",4
"04001",4
"03894",4
"03811",4
"03470",4
"03054",4
"03032",4
"02882",4
"02879",4
"02765",4
"02621",4
"02521",4
"02480",4
"02431",4
"02378",4
"02365",4
"02349",4
"02248",4
"02246",4
"02212",4
"02091",4
"02082",4
"01946",4
"01924",4
"01877",4
"01787",4
"01724",4
"01500",4
"01489",4
"01114",4
"99204",3
"97225",3
"95405",3
"95131",3
"94705",3
"94607",3
"94583",3
"94103",3
"94087",3
"93720",3
"92658",3
"92620",3
"92612",3
"92109",3
"92056",3
"92024",3
"91729",3
"90058",3
"90028",3
"89703",3
"85704",3
"85018",3
"84790",3
"80310",3
"80304",3
"80206",3
"80021",3
"76021",3
"75230",3
"75081",3
"72704",3
"65738",3
"63303",3
"63134",3
"63117",3
"62882",3
"61103",3
"60035",3
"60008",3
"55920",3
"55447",3
"55044",3
"54956",3
"53704",3
"53547",3
"53185",3
"49684",3
"49505",3
"49083",3
"48187",3
"48036",3
"46360",3
"46140",3
"45018",3
"44695",3
"44660",3
"44132",3
"44116",3
"43201",3
"37919",3
"37909",3
"37421",3
"37090",3
"37013",3
"34966",3
"34236",3
"34231",3
"34229",3
"34209",3
"34145",3
"34105",3
"34102",3
"33624",3
"33467",3
"33432",3
"33166",3
"33134",3
"32819",3
"32817",3
"32162",3
"30338",3
"30269",3
"29071",3
"28269",3
"28210",3
"28209",3
"28164",3
"28052",3
"27701",3
"27212",3
"24540",3
"21094",3
"21046",3
"21010",3
"20011",3
"20007",3
"19904",3
"19803",3
"19612",3
"19608",3
"19456",3
"19380",3
"19348",3
"19341",3
"19135",3
"19106",3
"18976",3
"17519",3
"15701",3
"14624",3
"14617",3
"14602",3
"13088",3
"12180",3
"11787",3
"11732",3
"11211",3
"11201",3
"11002",3
"10941",3
"10281",3
"10014",3
"08882",3
"08810",3
"07976",3
"07974",3
"07756",3
"07656",3
"07040",3
"06723",3
"06514",3
"06489",3
"06128",3
"04976",3
"04974",3
"04268",3
"04090",3
"03447",3
"03264",3
"03105",3
"02611",3
"02565",3
"02439",3
"02092",3
"02087",3
"02003",3
"01957",3
"01849",3
"01813",3
"01812",3
"01762",3
"01653",3
"01617",3
"01461",3
"01441",3
"01228",3
"01065",3
"99999",2
"98445",2
"98104",2
"98072",2
"98027",2
"97214",2
"97209",2
"97075",2
"95066",2
"94543",2
"94118",2
"94117",2
"94085",2
"94065",2
"94062",2
"94041",2
"94026",2
"93747",2
"92835",2
"92801",2
"92660",2
"92656",2
"92654",2
"92619",2
"92128",2
"91361",2
"90255",2
"87109",2
"85260",2
"85259",2
"82201",2
"81507",2
"80524",2
"80465",2
"80403",2
"80247",2
"80020",2
"79416",2
"78299",2
"78006",2
"77845",2
"77487",2
"77380",2
"77056",2
"76710",2
"76255",2
"76137",2
"75235",2
"75074",2
"75050",2
"73179",2
"70809",2
"70503",2
"70121",2
"68124",2
"62305",2
"60559",2
"60464",2
"60433",2
"60126",2
"60090",2
"60047",2
"60045",2
"60004",2
"56531",2
"56267",2
"55402",2
"55378",2
"55342",2
"55082",2
"53711",2
"51101",2
"50010",2
"49727",2
"49512",2
"49023",2
"49001",2
"48359",2
"48325",2
"48150",2
"48101",2
"48009",2
"47706",2
"46517",2
"46410",2
"46254",2
"46202",2
"46032",2
"45891",2
"45430",2
"45377",2
"45246",2
"45243",2
"45227",2
"44720",2
"44691",2
"44141",2
"44106",2
"43235",2
"43224",2
"43212",2
"43085",2
"40201",2
"37777",2
"34957",2
"34653",2
"34613",2
"34608",2
"34473",2
"34465",2
"34453",2
"33917",2
"33884",2
"33675",2
"33558",2
"33556",2
"33526",2
"33496",2
"33477",2
"33464",2
"33446",2
"33412",2
"33406",2
"33324",2
"33322",2
"33037",2
"32953",2
"32919",2
"32720",2
"32703",2
"32082",2
"32080",2
"30349",2
"30092",2
"30076",2
"30041",2
"29662",2
"29403",2
"29320",2
"29205",2
"29033",2
"28590",2
"28562",2
"28387",2
"28266",2
"28036",2
"28002",2
"27835",2
"27604",2
"27511",2
"27253",2
"26150",2
"24001",2
"23513",2
"23231",2
"22204",2
"21237",2
"21220",2
"21218",2
"21202",2
"20874",2
"20772",2
"20175",2
"20171",2
"20109",2
"19850",2
"19425",2
"19301",2
"19136",2
"19010",2
"18195",2
"17821",2
"17406",2
"17015",2
"15317",2
"15210",2
"15144",2
"15090",2
"15031",2
"14851",2
"14845",2
"14470",2
"14080",2
"13815",2
"13413",2
"12529",2
"12206",2
"12138",2
"12047",2
"11980",2
"11575",2
"11542",2
"11520",2
"11373",2
"11238",2
"11207",2
"10994",2
"10708",2
"10460",2
"10128",2
"10112",2
"08903",2
"08889",2
"08884",2
"08736",2
"08601",2
"08561",2
"08002",2
"07981",2
"07932",2
"07860",2
"07726",2
"07724",2
"07712",2
"07645",2
"07501",2
"07410",2
"07107",2
"07091",2
"07079",2
"07052",2
"07032",2
"07030",2
"06880",2
"06877",2
"06831",2
"06477",2
"06419",2
"06357",2
"06340",2
"06320",2
"06101",2
"06068",2
"06002",2
"05672",2
"04967",2
"04915",2
"04572",2
"04412",2
"04338",2
"04073",2
"04046",2
"03883",2
"03848",2
"03840",2
"03824",2
"03303",2
"03263",2
"03261",2
"03049",2
"03042",2
"02893",2
"02891",2
"02873",2
"02839",2
"02826",2
"02818",2
"02814",2
"02783",2
"02523",2
"02436",2
"02408",2
"02321",2
"02311",2
"02211",2
"02106",2
"02014",2
"01883",2
"01869",2
"01807",2
"01800",2
"01755",2
"01751",2
"01743",2
"01725",2
"01670",2
"01576",2
"01551",2
"01263",2
"01185",2
"01136",2
"01023",2
"99517",1
"99163",1
"98607",1
"98409",1
"98346",1
"98144",1
"98115",1
"98110",1
"98102",1
"98101",1
"98077",1
"98005",1
"98003",1
"97408",1
"97405",1
"97330",1
"97222",1
"97218",1
"97124",1
"97123",1
"97008",1
"96815",1
"96814",1
"96720",1
"96379",1
"95762",1
"95747",1
"95616",1
"95201",1
"95134",1
"95051",1
"95050",1
"95035",1
"95010",1
"94960",1
"94924",1
"94920",1
"94709",1
"94707",1
"94703",1
"94609",1
"94591",1
"94582",1
"94531",1
"94301",1
"94285",1
"94115",1
"94112",1
"94086",1
"94027",1
"94025",1
"94015",1
"93108",1
"92870",1
"92831",1
"92782",1
"92705",1
"92677",1
"92648",1
"92646",1
"92583",1
"92562",1
"92556",1
"92411",1
"92129",1
"92127",1
"92124",1
"92122",1
"92115",1
"92103",1
"92088",1
"92075",1
"92037",1
"92007",1
"91786",1
"91745",1
"91605",1
"91601",1
"91504",1
"91326",1
"91205",1
"91042",1
"90802",1
"90403",1
"90275",1
"90038",1
"90026",1
"90024",1
"90020",1
"90017",1
"90005",1
"90004",1
"89706",1
"89147",1
"89122",1
"89119",1
"89029",1
"89014",1
"88201",1
"88011",1
"87508",1
"87506",1
"87505",1
"87108",1
"87107",1
"87106",1
"86001",1
"85742",1
"85712",1
"85375",1
"85374",1
"85345",1
"85331",1
"85310",1
"85302",1
"85295",1
"85268",1
"85249",1
"85222",1
"85209",1
"85202",1
"85119",1
"85007",1
"84103",1
"84102",1
"83706",1
"82070",1
"82001",1
"80960",1
"80921",1
"80528",1
"80516",1
"80503",1
"80303",1
"80302",1
"80301",1
"80246",1
"80218",1
"80204",1
"78723",1
"78669",1
"78645",1
"78597",1
"78418",1
"78258",1
"78201",1
"77840",1
"77598",1
"77546",1
"77399",1
"77381",1
"77098",1
"77096",1
"77007",1
"75252",1
"75165",1
"75042",1
"74402",1
"73112",1
"72021",1
"70808",1
"70448",1
"70065",1
"70003",1
"68434",1
"68127",1
"68118",1
"66604",1
"66044",1
"65043",1
"64658",1
"64625",1
"64153",1
"63144",1
"63110",1
"60680",1
"60640",1
"60525",1
"60506",1
"60505",1
"60502",1
"60422",1
"60201",1
"60189",1
"60175",1
"60093",1
"60091",1
"60056",1
"60046",1
"60018",1
"57073",1
"55987",1
"55807",1
"55806",1
"55449",1
"55416",1
"55406",1
"55405",1
"55401",1
"55340",1
"53717",1
"53703",1
"53212",1
"53208",1
"52404",1
"52246",1
"52240",1
"50266",1
"49418",1
"49120",1
"48377",1
"48197",1
"48017",1
"47401",1
"47362",1
"47308",1
"46805",1
"46250",1
"46207",1
"46016",1
"45801",1
"45459",1
"45434",1
"45342",1
"45255",1
"45039",1
"44646",1
"44483",1
"44281",1
"44055",1
"43614",1
"43067",1
"41071",1
"40223",1
"40206",1
"39466",1
"38580",1
"38118",1
"38115",1
"37660",1
"37604",1
"37411",1
"37385",1
"37221",1
"37212",1
"37205",1
"37130",1
"37128",1
"37061",1
"37042",1
"36109",1
"36066",1
"36064",1
"36027",1
"35811",1
"35603",1
"35469",1
"35007",1
"34997",1
"34951",1
"34758",1
"34748",1
"34736",1
"34698",1
"34691",1
"34471",1
"34324",1
"34293",1
"34292",1
"34287",1
"34286",1
"34242",1
"34235",1
"34207",1
"34202",1
"34201",1
"34114",1
"34113",1
"33993",1
"33982",1
"33971",1
"33957",1
"33956",1
"33952",1
"33947",1
"33928",1
"33914",1
"33913",1
"33912",1
"33908",1
"33904",1
"33823",1
"33803",1
"33781",1
"33759",1
"33647",1
"33637",1
"33634",1
"33625",1
"33570",1
"33486",1
"33470",1
"33462",1
"33460",1
"33445",1
"33437",1
"33436",1
"33415",1
"33408",1
"33323",1
"33321",1
"33180",1
"33177",1
"33161",1
"33160",1
"33133",1
"33131",1
"33076",1
"33063",1
"33062",1
"33050",1
"33042",1
"33040",1
"33034",1
"33025",1
"33020",1
"33019",1
"32976",1
"32967",1
"32927",1
"32926",1
"32920",1
"32909",1
"32825",1
"32824",1
"32822",1
"32820",1
"32818",1
"32812",1
"32803",1
"32802",1
"32778",1
"32759",1
"32724",1
"32714",1
"32712",1
"32707",1
"32514",1
"32506",1
"32444",1
"32404",1
"32256",1
"32216",1
"32163",1
"32119",1
"32112",1
"32097",1
"32084",1
"32038",1
"31763",1
"31522",1
"30784",1
"30781",1
"30461",1
"30360",1
"30350",1
"30329",1
"30310",1
"30252",1
"30202",1
"30040",1
"30033",1
"29935",1
"29841",1
"29732",1
"29687",1
"29645",1
"29644",1
"29620",1
"29588",1
"29579",1
"29576",1
"29526",1
"29483",1
"29445",1
"29440",1
"29303",1
"29150",1
"28801",1
"28659",1
"28557",1
"28544",1
"28543",1
"28503",1
"28465",1
"28449",1
"28398",1
"28304",1
"28277",1
"28273",1
"28216",1
"28211",1
"28120",1
"28112",1
"28078",1
"28043",1
"28034",1
"27893",1
"27804",1
"27707",1
"27705",1
"27616",1
"27614",1
"27609",1
"27606",1
"27597",1
"27520",1
"27517",1
"27502",1
"27376",1
"27265",1
"27215",1
"27025",1
"25309",1
"24663",1
"24450",1
"23690",1
"23455",1
"23452",1
"23230",1
"23228",1
"23223",1
"23220",1
"23116",1
"22911",1
"22904",1
"22903",1
"22901",1
"22303",1
"22079",1
"22043",1
"22003",1
"21663",1
"21300",1
"21231",1
"21133",1
"21045",1
"20910",1
"20878",1
"20815",1
"20762",1
"20166",1
"20155",1
"20024",1
"19966",1
"19807",1
"19611",1
"19605",1
"19440",1
"19382",1
"19141",1
"19129",1
"19107",1
"19104",1
"18949",1
"18703",1
"18640",1
"18621",1
"18505",1
"18411",1
"17628",1
"17601",1
"17522",1
"17339",1
"17105",1
"17101",1
"17025",1
"17011",1
"16801",1
"16507",1
"16504",1
"16254",1
"16066",1
"15853",1
"15208",1
"15132",1
"15101",1
"14830",1
"14755",1
"14621",1
"14620",1
"14618",1
"14607",1
"14424",1
"14226",1
"14127",1
"14067",1
"13655",1
"13648",1
"13365",1
"13363",1
"13210",1
"13090",1
"13045",1
"12870",1
"12832",1
"12747",1
"12534",1
"12533",1
"12304",1
"12189",1
"12078",1
"11779",1
"11772",1
"11757",1
"11743",1
"11576",1
"11507",1
"11368",1
"11235",1
"11231",1
"11229",1
"10590",1
"10562",1
"10526",1
"10472",1
"10462",1
"10232",1
"10069",1
"10032",1
"10025",1
"10010",1
"10005",1
"09572",1
"08886",1
"08869",1
"08854",1
"08816",1
"08807",1
"08543",1
"08215",1
"08205",1
"08109",1
"08012",1
"07962",1
"07945",1
"07901",1
"07834",1
"07801",1
"07704",1
"07701",1
"07666",1
"07649",1
"07620",1
"07607",1
"07512",1
"07450",1
"07430",1
"07306",1
"07302",1
"07069",1
"07059",1
"07056",1
"07042",1
"07020",1
"06887",1
"06850",1
"06801",1
"06756",1
"06737",1
"06608",1
"06513",1
"06484",1
"06480",1
"06471",1
"06461",1
"06459",1
"06437",1
"06424",1
"06278",1
"06277",1
"06250",1
"06238",1
"06226",1
"06141",1
"06109",1
"06076",1
"06066",1
"06063",1
"06050",1
"06035",1
"06001",1
"05679",1
"05602",1
"05478",1
"05454",1
"05443",1
"05361",1
"05261",1
"05086",1
"05033",1
"05001",1
"04930",1
"04901",1
"04862",1
"04553",1
"04473",1
"04444",1
"04426",1
"04416",1
"04350",1
"04252",1
"04239",1
"04074",1
"04064",1
"04063",1
"04038",1
"04032",1
"04009",1
"03903",1
"03870",1
"03864",1
"03857",1
"03847",1
"03844",1
"03819",1
"03809",1
"03766",1
"03753",1
"03743",1
"03598",1
"03584",1
"03462",1
"03276",1
"03242",1
"03240",1
"03237",1
"03162",1
"03108",1
"03074",1
"03048",1
"03044",1
"03019",1
"02912",1
"02876",1
"02871",1
"02830",1
"02757",1
"02754",1
"02704",1
"02572",1
"02438",1
"02384",1
"02372",1
"02340",1
"02264",1
"02201",1
"02094",1
"01980",1
"01943",1
"01925",1
"01806",1
"01767",1
"01709",1
"01555",1
"01517",1
"01470",1
"01234",1
"01208",1
"01203",1
"01152",1
